Prinzip,Anhang,Begründung,Betroffenheit,Erfolgskriterium,Fundort,Guideline,Konformitätsstufe,Status
Operable,,,"Cognitive, Physical/Motor, Visual",2.4.3 – Focus Order,,2.4 – Navigable,A,Erfüllt
Operable,,wenig Kontrast,"Cognitive, Physical/Motor, Visual",2.4.7 – Focus Visible,,2.4 – Navigable,AA,Erfüllt
Understandable,,,,3.3.9 – Accessible Authentication (Enhanced),,3.3 – Input Assistance,AAA,NA
Operable,,,,2.2.4 – Interruptions,,2.2 – Enough Time,AAA,NA
Understandable,,,Cognitive,3.2.1 – On Focus,,3.2 – Predictable,A,Erfüllt
Understandable,,,,3.3.5 – Help,"Ansprechperson finden, Kontaktformular, Meldeformular",3.3 – Input Assistance,AAA,Nicht Erfüllt
Operable,,,"Cognitive, Physical/Motor, Visual",2.1.2 – No Keyboard Trap,,2.1 – Keyboard Accessible,A,Erfüllt
Perceivable,,,,1.4.9 – Images of Text (No Exception),,1.4 – Distinguishable,AAA,Erfüllt
Robust,"Analyse%20der%20HTW-Antidiskriminierungs-Webseite/Untitled/Robust%203263-3768/image.png, Analyse%20der%20HTW-Antidiskriminierungs-Webseite/Untitled/Robust%203263-3768/image%201.png","Navigation: Icon verlinkung ohne zugänglichen Namen (keinen sichtbaren Text und auch kein aria-label)
<select> ohne Label

Auf allen Seiten außer Startseite Chevron-Icon besitzt keinen programmatisch bestimmbaren zugänglichen Namen und keine passendes Semantisches Element eher ein Anker ein <a>

Meldeformular: Beschriftung der Checkbox zur Kontaktaufnahme fehlerhaft zugeordnet, da das label nicht auf die tatsächliche id des Eingabefelds verweist

Kontaktformular: mehrfach verwendete IDs
<label for=""Kontaktaufnahme""> zeigt auf kein Form-Control
","Cognitive, Physical/Motor, Visual","4.1.2 – Name, Role, Value","Ansprechperson finden, Datenschutzhinweise, FAQs, Impressum, Kontaktformular, Meldeformular, Navigation",4.1 – Compatible,A,Nicht Erfüllt
Operable,,,"Cognitive, Physical/Motor, Visual",2.1.4 – Character Key Shortcuts,,2.1 – Keyboard Accessible,A,NA
Understandable,,,"Cognitive, Visual","3.3.4 – Error Prevention (Legal, Financial, Data)",,3.3 – Input Assistance,AA,NA
Perceivable,Analyse%20der%20HTW-Antidiskriminierungs-Webseite/Untitled/Perceivable%203263-6fdb/image.png,"Sartseite: Alt-Text für Bild an falscher stelle im code angegeben
Kein Alt-Text für Bedienelemente

Klickbaren Chevron-Icons auf allen Seiten außer Startseite entahleten keinen Text und keine sinnvollen Text Alternativen

FAQs: Zurück-Icon sowie die Plus- und Minus-Symbole besitzen keine Textalternativen
 
Ansprechperson:","Auditory/Hearing, Cognitive, Visual",1.1.1 – Non-text Content,"Ansprechperson finden, Datenschutzhinweise, FAQs, Impressum, Kontaktformular, Meldeformular, Navigation, Startseite",1.1 – Text Alternatives,A,Nicht Erfüllt
Operable,,,,2.4.8 – Location,"Datenschutzhinweise, Navigation",2.4 – Navigable,AAA,Nicht Erfüllt
Understandable,,Es befindet sich nur auf der Startseite eine verlinkung zu den Kontakt und Hilfsmöglichkeiten,Cognitive,3.2.6 – Consistent Help,"Ansprechperson finden, Datenschutzhinweise, FAQs, Impressum, Kontaktformular, Meldeformular, Navigation, Startseite",3.2 – Predictable,A,Nicht Erfüllt
Operable,Analyse%20der%20HTW-Antidiskriminierungs-Webseite/Untitled/Operable%203263-2d59/image.png,"Kontaktformular: nicht alle Elemente sind per Tastatur nutzbar

FAQs: Icons sind nicht per Keyboard zu erreichen

Ansprechperson: Zurück Icon kann nicht über Tastatur erreicht werden

(Meldeformular Pop-up kann per tab übersprungen werden ohne geschlossen zu werden)","Cognitive, Physical/Motor, Visual",2.1.1 – Keyboard,"Ansprechperson finden, FAQs, Kontaktformular",2.1 – Keyboard Accessible,A,Nicht Erfüllt
Perceivable,"Analyse%20der%20HTW-Antidiskriminierungs-Webseite/Untitled/Perceivable%203263-7061/image.png, Analyse%20der%20HTW-Antidiskriminierungs-Webseite/Untitled/Perceivable%203263-7061/image%201.png, Analyse%20der%20HTW-Antidiskriminierungs-Webseite/Untitled/Perceivable%203263-7061/image%202.png, Analyse%20der%20HTW-Antidiskriminierungs-Webseite/Untitled/Perceivable%203263-7061/image%203.png, Analyse%20der%20HTW-Antidiskriminierungs-Webseite/Untitled/Perceivable%203263-7061/image%204.png, Analyse%20der%20HTW-Antidiskriminierungs-Webseite/Untitled/Perceivable%203263-7061/image%205.png, Analyse%20der%20HTW-Antidiskriminierungs-Webseite/Untitled/Perceivable%203263-7061/Bildschirmfoto_2026-02-20_um_22.51.03.png, Analyse%20der%20HTW-Antidiskriminierungs-Webseite/Untitled/Perceivable%203263-7061/image%206.png","Startseite: Button und Verlinkungen haben nicht ausreichen Kontrast

Kontaktformular:Nicht ausreichender Kontrast 
Schriftgöße bei “(optional”) zu klein

Navigation: Kein Element hat ausreichend Kontrast

Meldeformular: Fehlermeldungen und Links haben nicht ausreichend Kontrast
Schriftgöße bei “(optional”) zu klein

Impressum: Verlinkungen haben nicht ausreichend Kontrast

FAQs: Text im Akkordeon hat nicht ausreichend Kontrast
linktext nich ausreichend Kontrast

Datenschutz: Verlinkungen haben nicht ausreichend Kontrast

Ansprechperson: Text hat nicht ausreichend Kontrast",Visual,1.4.3 – Contrast (Minimum),"Ansprechperson finden, Datenschutzhinweise, FAQs, Impressum, Kontaktformular, Meldeformular, Navigation, Startseite",1.4 – Distinguishable,AA,Nicht Erfüllt
Understandable,Analyse%20der%20HTW-Antidiskriminierungs-Webseite/Untitled/Understandable%203263-2d2f/image.png,"Meldeformular: Fehlermeldungen am falschen Feld

Kontaktformular: “Bitte wählen Sie etwas aus.” ist nicht spezifisch genug","Cognitive, Visual",3.3.3 – Error Suggestion,"Kontaktformular, Meldeformular",3.3 – Input Assistance,AA,Nicht Erfüllt
Understandable,,,"Cognitive, Physical/Motor",3.3.8 – Accessible Authentication (Minimum),,3.3 – Input Assistance,AA,NA
Understandable,,,,3.1.4 – Abbreviations,"Ansprechperson finden, Datenschutzhinweise, FAQs, Startseite",3.1 – Readable,AAA,Nicht Erfüllt
Perceivable,,,"Cognitive, Visual",1.4.12 – Text Spacing,,1.4 – Distinguishable,AA,Erfüllt
Operable,,,,2.4.12 – Focus Not Obscured (Enhanced),FAQs,2.4 – Navigable,AAA,Nicht Erfüllt
Understandable,,,"Cognitive, Physical/Motor",3.3.7 – Redundant Entry,,3.3 – Input Assistance,A,Erfüllt
Perceivable,"Analyse%20der%20HTW-Antidiskriminierungs-Webseite/Untitled/Perceivable%203263-4a46/image.png, Analyse%20der%20HTW-Antidiskriminierungs-Webseite/Untitled/Perceivable%203263-4a46/image%201.png, Analyse%20der%20HTW-Antidiskriminierungs-Webseite/Untitled/Perceivable%203263-4a46/image%202.png, Analyse%20der%20HTW-Antidiskriminierungs-Webseite/Untitled/Perceivable%203263-4a46/image%203.png","Kontaktformular: mehrfach gleiche ID
Fehlermeldungen nicht programmatisch mit dem Feld verknüpft (von screenreadern nicht nutzbar) 

Navigation: Sprachauswahl ohne sichtbares/programmatisches Label
Icon Links/Buttons ohne zugänglichen Namen

FAQs: Unklar wie viele Items da es keine tatsächliche Liste ist

Meldeformular: 
Fehlermeldungen sind nicht dem richtigen Feld zugeordnet keine Verknüpfung (z. B. aria-describedby / aria-errormessage + aria-invalid)
mehrfach gleiche ID
Checkbox ist nicht mit ihrem Label verknüpft
Falsche Fehlermeldungen im Kontaktdaten-Block

Datenschutz: Auf h1 folgt h3

Impressum: Auf h1 folgt h3

Ansprechperson: Inhalte bestehen aus mehreren strukturierten Bezeichnungs-Wert-Paaren wie Telefon, E-Mail, Mitgliedergruppe oder Gremium, werden jedoch nur als einfache Absätze dargestellt und nicht semantisch als zusammengehörige Datensätze ausgezeichnet
Umsetzungsvorschlag definitionsliste

Name einer Kontaktperson wird visuell als Titel hervorgehoben, jedoch lediglich mit einem p-Element statt mit einer semantischen Überschrift umgesetzt

Unklar wie viele Items da es keine tatsächliche Liste ist","Cognitive, Visual",1.3.1 – Info and Relationships,"Ansprechperson finden, Datenschutzhinweise, FAQs, Impressum, Kontaktformular, Meldeformular, Navigation",1.3 – Adaptable,A,Nicht Erfüllt
Operable,,Es gibt keine Mechanismen um Blöcke zu überspringen außer den Footer und vereinzelte Überschriften,"Cognitive, Physical/Motor, Visual",2.4.1 – Bypass Blocks,"Ansprechperson finden, Datenschutzhinweise, FAQs, Impressum, Kontaktformular, Meldeformular, Navigation, Startseite",2.4 – Navigable,A,Nicht Erfüllt
Robust,"Analyse%20der%20HTW-Antidiskriminierungs-Webseite/Untitled/Robust/image.png, Analyse%20der%20HTW-Antidiskriminierungs-Webseite/Untitled/Robust/image%201.png, Analyse%20der%20HTW-Antidiskriminierungs-Webseite/Untitled/Robust/image%202.png, Analyse%20der%20HTW-Antidiskriminierungs-Webseite/Untitled/Robust/image%203.png","Navigation: Ungültiges Attribut <div class=""col-1"" text-center> müsste <div class=""col-1 text-center""> sein

Meldeformular: <head> im Komponenten-Template
Der <head> gehört ausschließlich in das Root-Dokument (index.html)
Mehrfach gleiche IDs

Kontaktformular: Mehrfach gleiche IDs

FAQs: Mehrfach gleich IDs","Cognitive, Visual",4.1.1 – Parsing,"Impressum, Kontaktformular, Meldeformular, Navigation",4.1 – Compatible,A,Nicht Erfüllt
Understandable,,,,3.1.5 – Reading Level,Startseite,3.1 – Readable,AAA,Nicht Erfüllt
Operable,,,,2.4.13 – Focus Appearance,"Ansprechperson finden, Kontaktformular, Meldeformular, Navigation",2.4 – Navigable,AAA,Nicht Erfüllt
Perceivable,,,Auditory/Hearing,1.2.2 – Captions (Prerecorded),,1.2 – Time-based Media,A,NA
Perceivable,Analyse%20der%20HTW-Antidiskriminierungs-Webseite/Untitled/Perceivable%203263-5bf3/image.png,"Ansprechperson: Auswahl verschiebt sich. Text wird zu klein ","Cognitive, Visual",1.3.4 – Orientation,Ansprechperson finden,1.3 – Adaptable,AA,Nicht Erfüllt
Understandable,,,Cognitive,3.2.2 – On Input,,3.2 – Predictable,A,Erfüllt
Operable,,,"Cognitive, Physical/Motor, Visual",2.5.2 – Pointer Cancellation,,2.5 – Input Modalities,A,Erfüllt
Understandable,,,,3.1.3 – Unusual Words,"Datenschutzhinweise, FAQs, Kontaktformular, Startseite",3.1 – Readable,AAA,Nicht Erfüllt
Perceivable,,,Auditory/Hearing,1.4.2 – Audio Control,,1.4 – Distinguishable,A,NA
Understandable,,,Cognitive,3.2.3 – Consistent Navigation,,3.2 – Predictable,AA,Erfüllt
Operable,,,"Physical/Motor, Visual",2.5.4 – Motion Actuation,,2.5 – Input Modalities,A,NA
Operable,,,,2.2.6 – Timeouts,,2.2 – Enough Time,AAA,NA
Perceivable,Analyse%20der%20HTW-Antidiskriminierungs-Webseite/Untitled/Perceivable%203263-59c1/image.png,"Meldeformular: Modal am Anfang im DOM
Fehlermeldungen im Kontaktdatenblock, die zu anderen Feldern gehören
Checkbox-Label nicht korrekt verbunden
ID Duplikate + div im label

FAQs: Accordion Header als <p>
Keine programmatische Zuordnung zwischen Frage und Antwortbereich
Plus/Minus-Icon als alleiniger Statusindikator ohne Status-Attribut

Ansprechperson: leeres div im header <div class=""col-1""></div>

doppelten Ausgabe derselben Kontaktinformationen für mobile und Desktop-Ansichten

","Cognitive, Visual",1.3.2 – Meaningful Sequence,"Ansprechperson finden, Meldeformular",1.3 – Adaptable,A,Nicht Erfüllt
Understandable,,,,3.3.6 – Error Prevention (All),,3.3 – Input Assistance,AAA,NA
Perceivable,,,Auditory/Hearing,1.2.4 – Captions (Live),,1.2 – Time-based Media,AA,NA
Understandable,Analyse%20der%20HTW-Antidiskriminierungs-Webseite/Untitled/Understandable/image.png,Alle Seiten ist standardmäßig auf Englisch egal ob deutsch oder englisch eingestellt ist- problematisch für screenreader,"Cognitive, Visual",3.1.1 – Language of Page,"Ansprechperson finden, Datenschutzhinweise, FAQs, Impressum, Kontaktformular, Meldeformular, Navigation, Startseite",3.1 – Readable,A,Nicht Erfüllt
Operable,,,"Cognitive, Physical/Motor, Visual",2.5.1 – Pointer Gestures,,2.5 – Input Modalities,A,NA
Operable,,,,2.5.5 – Target Size (Enhanced),Navigation,2.5 – Input Modalities,AAA,Nicht Erfüllt
Operable,,,,2.2.3 – No Timing,,2.2 – Enough Time,AAA,NA
Perceivable,,,Auditory/Hearing,1.2.1 – Audio-only and Video-only (Prerecorded),,1.2 – Time-based Media,A,NA
Operable,,,,2.4.9 – Link Purpose (Link Only),"Ansprechperson finden, FAQs, Impressum, Kontaktformular, Meldeformular, Navigation, Startseite",2.4 – Navigable,AAA,Nicht Erfüllt
Operable,,,"Cognitive, Visual",2.3.1 – Three Flashes or Below Threshold,,2.3 – Seizures and Physical Reactions,A,NA
Perceivable,,,Visual,1.2.5 – Audio Description (Prerecorded),,1.2 – Time-based Media,AA,NA
Perceivable,,,,1.2.6 – Sign Language (Prerecorded),,1.2 – Time-based Media,AAA,NA
Operable,,,,2.3.2 – Three Flashes,,2.3 – Seizures and Physical Reactions,AAA,NA
Perceivable,,,"Cognitive, Visual",1.4.13 – Content on Hover or Focus,,1.4 – Distinguishable,AA,Erfüllt
Perceivable,,"Icons für Adminbereich ohne text und Lable ","Cognitive, Visual",1.3.3 – Sensory Characteristics,Navigation,1.3 – Adaptable,A,Nicht Erfüllt
Operable,,,"Cognitive, Visual",2.5.3 – Label in Name,,2.5 – Input Modalities,A,Erfüllt
Perceivable,,"Kein Autocomplete in Formularen
Inputformulare nicht mit Lable verbunden 
mehrfach gleiche IDs

Navigation: Sprachwechesl hat kein lable","Cognitive, Visual",1.3.5 – Identify Input Purpose,"Kontaktformular, Meldeformular, Navigation",1.3 – Adaptable,AA,Nicht Erfüllt
Understandable,,,"Cognitive, Visual",3.1.2 – Language of Parts,,3.1 – Readable,AA,NA
Perceivable,,,,1.4.8 – Visual Presentation,,1.4 – Distinguishable,AAA,Erfüllt
Operable,,,"Cognitive, Visual","2.2.2 – Pause, Stop, Hide",,2.2 – Enough Time,A,NA
Operable,Analyse%20der%20HTW-Antidiskriminierungs-Webseite/Untitled/Operable%203263-ff04/image.png,Navigation: Icon hat nicht ausreichend abstand zu Datenschutz Verlinkung,Physical/Motor,2.5.8 – Target Size (Minimum),Navigation,2.5 – Input Modalities,AA,Nicht Erfüllt
Perceivable,,,,1.4.7 – Low or No Background Audio,,1.4 – Distinguishable,AAA,NA
Perceivable,"Analyse%20der%20HTW-Antidiskriminierungs-Webseite/Untitled/Perceivable%203263-5e4b/image.png, Analyse%20der%20HTW-Antidiskriminierungs-Webseite/Untitled/Perceivable%203263-5e4b/image%201.png","Startseite: Verlinkungen haben nicht ausreichend Kontrast
Buttons haben nicht ausreichend Kontrast

Kontaktformular: Button hat nicht ausreichend Kontrats 
Verlinkungen haben nicht ausreichend Kontrast

Navigation: Kein Element hat ausreichend Kontrast
Sprachauswahl Pfeil hat nicht ausreichend Kontrast

Impressum: Verlinkungen haben nicht ausreichen Kontrast

FAQs: Verlinkungen haben nicht ausreichend Kontrast
(Icons haben nicht ausreichend Kontrast sind aber auch nicht klickbar)

Datenschutz: Verlinkungen haben nicht ausreichend Kontrast

Ansprechperson: Button haben nicht ausreichend Kontrast

Chevron Icon hat nicht ausreichend Kontrast (nicht auf allen Seiten klickbar)","Cognitive, Visual",1.4.11 – Non-text Contrast,"Ansprechperson finden, Datenschutzhinweise, FAQs, Impressum, Kontaktformular, Meldeformular, Navigation, Startseite",1.4 – Distinguishable,AA,Nicht Erfüllt
Perceivable,,,"Cognitive, Visual",1.4.5 – Images of Text,,1.4 – Distinguishable,AA,Erfüllt
Operable,,,,2.3.3 – Animation from Interactions,,2.3 – Seizures and Physical Reactions,AAA,NA
Operable,"Analyse%20der%20HTW-Antidiskriminierungs-Webseite/Untitled/Operable%203263-d131/image.png, Analyse%20der%20HTW-Antidiskriminierungs-Webseite/Untitled/Operable%203263-d131/image%201.png, Analyse%20der%20HTW-Antidiskriminierungs-Webseite/Untitled/Operable%203263-d131/image%202.png, Analyse%20der%20HTW-Antidiskriminierungs-Webseite/Untitled/Operable%203263-d131/image%203.png","Meldeformular: Fehlertext falschen Elementen zugeordnet header kein echtes Heading (kein h1 etc.) 
Label ist nicht mit dem Input verknüpft Ein <div> innerhalb eines <label> mehrfach dieselbe ID id=""optional”

Kontaktformular: Mehrfach verwendetes id=""optional”

(Ansprechperson: Namen der Ansprechpersonen sind nur als Überschrift dargestellt aber <p>)","Cognitive, Visual",2.4.6 – Headings and Labels,"Ansprechperson finden, Kontaktformular, Meldeformular",2.4 – Navigable,AA,Nicht Erfüllt
Understandable,,"Error falsch plaziert
Fehlermeldungen sind generisch und nicht garantiert feldspezifisch","Cognitive, Visual",3.3.1 – Error Identification,Meldeformular,3.3 – Input Assistance,A,Nicht Erfüllt
Perceivable,,,,1.3.6 – Identify Purpose,"Ansprechperson finden, Kontaktformular, Meldeformular, Navigation",1.3 – Adaptable,AAA,Nicht Erfüllt
Understandable,,,,3.1.6 – Pronunciation,,3.1 – Readable,AAA,NA
Perceivable,,,,1.2.7 – Extended Audio Description (Prerecorded),,1.2 – Time-based Media,AAA,NA
Operable,,,"Cognitive, Physical/Motor",2.5.7 – Dragging Movements,,2.5 – Input Modalities,AA,NA
Operable,,,"Cognitive, Visual",2.2.1 – Timing Adjustable,,2.2 – Enough Time,A,NA
Operable,,Untesreiten haben keinen eigenen Titel alle sind <title>HtwAntidiskriminierungsapp</title>,"Cognitive, Visual",2.4.2 – Page Titled,"Ansprechperson finden, Datenschutzhinweise, FAQs, Impressum, Kontaktformular, Meldeformular, Navigation, Startseite",2.4 – Navigable,A,Nicht Erfüllt
Perceivable,,,,1.4.6 – Contrast (Enhanced),"Ansprechperson finden, Datenschutzhinweise, FAQs, Impressum, Kontaktformular, Meldeformular, Navigation, Startseite",1.4 – Distinguishable,AAA,Nicht Erfüllt
Operable,,Es gibt keine mindestens Zwei Wege um eine Unterseite zu erreichen Seiten sind teils nicht einmal per footer navigation zu erreichen,"Cognitive, Visual",2.4.5 – Multiple Ways,"Ansprechperson finden, Datenschutzhinweise, FAQs, Impressum, Kontaktformular, Meldeformular, Navigation, Startseite",2.4 – Navigable,AA,Nicht Erfüllt
Perceivable,,,Visual,1.2.3 – Audio Description or Media Alternative (Prerecorded),,1.2 – Time-based Media,A,NA
Perceivable,,,"Cognitive, Visual",1.4.4 – Resize Text,,1.4 – Distinguishable,AA,Erfüllt
Understandable,,,Cognitive,3.2.4 – Consistent Identification,,3.2 – Predictable,AA,Erfüllt
Understandable,,,,3.2.5 – Change on Request,,3.2 – Predictable,AAA,Erfüllt
Operable,,,,2.5.6 – Concurrent Input Mechanisms,"Ansprechperson finden, FAQs, Kontaktformular",2.5 – Input Modalities,AAA,Nicht Erfüllt
Operable,,,,2.2.5 – Re-authenticating,,2.2 – Enough Time,AAA,NA
Perceivable,,,,1.2.8 – Media Alternative (Prerecorded),,1.2 – Time-based Media,AAA,NA
Robust,,"Meldeformular: Alle div class=""error-message"" (Fehler erscheinen, aber ohne aria-live)

Wechsel zu summary (weiter) – Schrittwechsel ohne Statusankündigung

Dynamische Fehlermeldungen  keine Status Messages

Kontaktformular: Wechsel von Schritt „Formular“ zu „Summary“ ohne Statusankündigung

(Es gibt keine Erfolg-/Fehler-Statusmeldung beim Submit)

Dynamische Fehlermeldungen  keine Status Messages

Ansprechperson: Filtermeldung erscheint dynamisch, aber hat kein role, kein aria-live, kein aria-atomic","Cognitive, Visual",4.1.3 – Status Messages,"Ansprechperson finden, Kontaktformular, Meldeformular",4.1 – Compatible,AA,Nicht Erfüllt
Perceivable,Analyse%20der%20HTW-Antidiskriminierungs-Webseite/Untitled/Perceivable/Bildschirmfoto_2026-03-16_um_20.45.14.png,Die Aktive Seite wird nur per Farbe vermittelt (Zusätzlich Farben mit wenig Kontrast),"Cognitive, Visual",1.4.1 – Use of Color,Navigation,1.4 – Distinguishable,A,Nicht Erfüllt
Perceivable,"Analyse%20der%20HTW-Antidiskriminierungs-Webseite/Untitled/Perceivable%203263-1d0c/image.png, Analyse%20der%20HTW-Antidiskriminierungs-Webseite/Untitled/Perceivable%203263-1d0c/image%201.png","Meldeformular: Auswahl nicht mehr lesbar
Ansprechperson: Filter Auswahl nicht mehr lesbar","Cognitive, Visual",1.4.10 – Reflow,"Ansprechperson finden, Meldeformular",1.4 – Distinguishable,AA,Nicht Erfüllt
Perceivable,,,,1.2.9 – Audio-only (Live),,1.2 – Time-based Media,AAA,NA
Operable,,,,2.1.3 – Keyboard (No Exception),"Ansprechperson finden, FAQs",2.1 – Keyboard Accessible,AAA,Nicht Erfüllt
Understandable,,"Meldeformular: 
Label ist nicht mit dem Input verknüpft

Ansprechperson?","Cognitive, Visual",3.3.2 – Labels or Instructions,"Ansprechperson finden, Meldeformular",3.3 – Input Assistance,A,Nicht Erfüllt
Operable,,,,2.4.10 – Section Headings,"Datenschutzhinweise, FAQs, Impressum, Meldeformular, Startseite",2.4 – Navigable,AAA,Nicht Erfüllt
Operable,Analyse%20der%20HTW-Antidiskriminierungs-Webseite/Untitled/Operable/image.png,"Bei Formularen ist nicht klar erkenntlich dass sich PDFs öffnen
Verlinkungen wie “hier” oder “an wen”","Cognitive, Visual",2.4.4 – Link Purpose (In Context),"FAQs, Kontaktformular, Meldeformular, Startseite",2.4 – Navigable,A,Nicht Erfüllt
Operable,,Meldeformular: Fokus wird beim fokussieren des Namen durch den Footer bedeckt,"Cognitive, Physical/Motor, Visual",2.4.11 – Focus Not Obscured (Minimum),Meldeformular,2.4 – Navigable,AA,Nicht Erfüllt